file,prefix,sr,duration_s,centroid_mean,centroid_std,bandwidth_mean,bandwidth_std,zcr_mean,zcr_std,rms_mean,rms_std
real.wav,real,16000,12.5578125,824.5538000753423,483.6787609430135,1049.31145511122,411.94186723755166,0.053469902989821884,0.03263063136177041,0.08196406811475754,0.06448938697576523
fake.wav,fake,16000,3.87775,1202.952064242827,606.8434517133638,1203.2428329272675,438.5470022968214,0.09144467213114754,0.0599696396759685,0.08846934884786606,0.07348581403493881
